mysql> select * from EMP;
+-------+--------+-----------+------+------------+---------+---------+--------+
| EMPNO | ENAME  | JOB       | MGR  | HIREDATE   | SAL     | COMM    | DEPTNO |
+-------+--------+-----------+------+------------+---------+---------+--------+
|  7369 | SMITH  | CLERK     | 7902 | 1980-12-17 |  800.00 |    NULL |     20 |
|  7499 | ALLEN  | SALESMAN  | 7698 | 1981-02-20 | 1600.00 |  300.00 |     30 |
|  7521 | WARD   | SALESMAN  | 7698 | 1981-02-22 | 1250.00 |  500.00 |     30 |
|  7566 | JONES  | MANAGER   | 7839 | 1981-04-02 | 2975.00 |    NULL |     20 |
|  7654 | MARTIN | SALESMAN  | 7698 | 1981-09-28 | 1250.00 | 1400.00 |     30 |
|  7698 | BLAKE  | MANAGER   | 7839 | 1981-05-01 | 2850.00 |    NULL |     30 |
|  7782 | CLARK  | MANAGER   | 7839 | 1981-06-09 | 2450.00 |    NULL |     10 |
|  7788 | SCOTT  | ANALYST   | 7566 | 1982-12-09 | 3000.00 |    NULL |     20 |
|  7839 | KING   | PRESIDENT | NULL | 1981-11-17 | 5000.00 |    NULL |     10 |
|  7844 | TURNER | SALESMAN  | 7698 | 1981-09-08 | 1500.00 |    0.00 |     30 |
|  7876 | ADAMS  | CLERK     | 7788 | 1983-01-12 | 1100.00 |    NULL |     20 |
|  7900 | JAMES  | CLERK     | 7698 | 1981-12-03 |  950.00 |    NULL |     30 |
|  7902 | FORD   | ANALYST   | 7566 | 1981-12-03 | 3000.00 |    NULL |     20 |
|  7934 | MILLER | CLERK     | 7782 | 1982-01-23 | 1300.00 |    NULL |     10 |
+-------+--------+-----------+------+------------+---------+---------+--------+
14 rows in set (0.000 sec)


1> 
mysql> select * from EMP where ename like "%r";
+-------+--------+----------+------+------------+---------+------+--------+
| EMPNO | ENAME  | JOB      | MGR  | HIREDATE   | SAL     | COMM | DEPTNO |
+-------+--------+----------+------+------------+---------+------+--------+
|  7844 | TURNER | SALESMAN | 7698 | 1981-09-08 | 1500.00 | 0.00 |     30 |
|  7934 | MILLER | CLERK    | 7782 | 1982-01-23 | 1300.00 | NULL |     10 |
+-------+--------+----------+------+------------+---------+------+--------+
2 rows in set (0.001 sec)

2>
mysql> select * from EMP where ename like "m%r";
+-------+--------+-------+------+------------+---------+------+--------+
| EMPNO | ENAME  | JOB   | MGR  | HIREDATE   | SAL     | COMM | DEPTNO |
+-------+--------+-------+------+------------+---------+------+--------+
|  7934 | MILLER | CLERK | 7782 | 1982-01-23 | 1300.00 | NULL |     10 |
+-------+--------+-------+------+------------+---------+------+--------+
1 row in set (0.000 sec)

3>
mysql> select * from EMP where ename like "A%" or ename like "M%";
+-------+--------+----------+------+------------+---------+---------+--------+
| EMPNO | ENAME  | JOB      | MGR  | HIREDATE   | SAL     | COMM    | DEPTNO |
+-------+--------+----------+------+------------+---------+---------+--------+
|  7499 | ALLEN  | SALESMAN | 7698 | 1981-02-20 | 1600.00 |  300.00 |     30 |
|  7654 | MARTIN | SALESMAN | 7698 | 1981-09-28 | 1250.00 | 1400.00 |     30 |
|  7876 | ADAMS  | CLERK    | 7788 | 1983-01-12 | 1100.00 |    NULL |     20 |
|  7934 | MILLER | CLERK    | 7782 | 1982-01-23 | 1300.00 |    NULL |     10 |
+-------+--------+----------+------+------------+---------+---------+--------+
4 rows in set (0.001 sec)

4>
mysql> select * from EMP where ename like "_l%";
+-------+-------+----------+------+------------+---------+--------+--------+
| EMPNO | ENAME | JOB      | MGR  | HIREDATE   | SAL     | COMM   | DEPTNO |
+-------+-------+----------+------+------------+---------+--------+--------+
|  7499 | ALLEN | SALESMAN | 7698 | 1981-02-20 | 1600.00 | 300.00 |     30 |
|  7698 | BLAKE | MANAGER  | 7839 | 1981-05-01 | 2850.00 |   NULL |     30 |
|  7782 | CLARK | MANAGER  | 7839 | 1981-06-09 | 2450.00 |   NULL |     10 |
+-------+-------+----------+------+------------+---------+--------+--------+
3 rows in set (0.001 sec)

5>
mysql> select * from EMP where ename like "__l%";
+-------+--------+----------+------+------------+---------+--------+--------+
| EMPNO | ENAME  | JOB      | MGR  | HIREDATE   | SAL     | COMM   | DEPTNO |
+-------+--------+----------+------+------------+---------+--------+--------+
|  7499 | ALLEN  | SALESMAN | 7698 | 1981-02-20 | 1600.00 | 300.00 |     30 |
|  7934 | MILLER | CLERK    | 7782 | 1982-01-23 | 1300.00 |   NULL |     10 |
+-------+--------+----------+------+------------+---------+--------+--------+
2 rows in set (0.001 sec)

6>
mysql> select * from EMP where ename like "%es";
+-------+-------+---------+------+------------+---------+------+--------+
| EMPNO | ENAME | JOB     | MGR  | HIREDATE   | SAL     | COMM | DEPTNO |
+-------+-------+---------+------+------------+---------+------+--------+
|  7566 | JONES | MANAGER | 7839 | 1981-04-02 | 2975.00 | NULL |     20 |
|  7900 | JAMES | CLERK   | 7698 | 1981-12-03 |  950.00 | NULL |     30 |
+-------+-------+---------+------+------------+---------+------+--------+
2 rows in set (0.000 sec)

7>
mysql> select * from EMP where ename like "c%k";
+-------+-------+---------+------+------------+---------+------+--------+
| EMPNO | ENAME | JOB     | MGR  | HIREDATE   | SAL     | COMM | DEPTNO |
+-------+-------+---------+------+------------+---------+------+--------+
|  7782 | CLARK | MANAGER | 7839 | 1981-06-09 | 2450.00 | NULL |     10 |
+-------+-------+---------+------+------------+---------+------+--------+
1 row in set (0.000 sec)

8>
mysql> select * from EMP 
    -> where (ename like "m%" or ename like "a%")
    -> and 
    -> (ename like "%r" or ename like "%e");
+-------+--------+-------+------+------------+---------+------+--------+
| EMPNO | ENAME  | JOB   | MGR  | HIREDATE   | SAL     | COMM | DEPTNO |
+-------+--------+-------+------+------------+---------+------+--------+
|  7934 | MILLER | CLERK | 7782 | 1982-01-23 | 1300.00 | NULL |     10 |
+-------+--------+-------+------+------------+---------+------+--------+
1 row in set (0.001 sec)

9>
mysql> select * from EMP
    -> where (ename like "A%" or ename like "M%")
    -> and
    -> (ename like "%E");
Empty set (0.001 sec)

10>
mysql> select * from EMP
    -> where 
    -> ename like "a%n"
    -> or
    -> ename like "s%h";
+-------+-------+----------+------+------------+---------+--------+--------+
| EMPNO | ENAME | JOB      | MGR  | HIREDATE   | SAL     | COMM   | DEPTNO |
+-------+-------+----------+------+------------+---------+--------+--------+
|  7369 | SMITH | CLERK    | 7902 | 1980-12-17 |  800.00 |   NULL |     20 |
|  7499 | ALLEN | SALESMAN | 7698 | 1981-02-20 | 1600.00 | 300.00 |     30 |
+-------+-------+----------+------+------------+---------+--------+--------+
2 rows in set (0.001 sec)

11>
mysql> select * from EMP
    -> where ename like "M_L%R";
+-------+--------+-------+------+------------+---------+------+--------+
| EMPNO | ENAME  | JOB   | MGR  | HIREDATE   | SAL     | COMM | DEPTNO |
+-------+--------+-------+------+------------+---------+------+--------+
|  7934 | MILLER | CLERK | 7782 | 1982-01-23 | 1300.00 | NULL |     10 |
+-------+--------+-------+------+------------+---------+------+--------+
1 row in set (0.001 sec)

12>
mysql> select * from EMP
    -> where (ename like "__L%E_");
+-------+--------+----------+------+------------+---------+--------+--------+
| EMPNO | ENAME  | JOB      | MGR  | HIREDATE   | SAL     | COMM   | DEPTNO |
+-------+--------+----------+------+------------+---------+--------+--------+
|  7499 | ALLEN  | SALESMAN | 7698 | 1981-02-20 | 1600.00 | 300.00 |     30 |
|  7934 | MILLER | CLERK    | 7782 | 1982-01-23 | 1300.00 |   NULL |     10 |
+-------+--------+----------+------+------------+---------+--------+--------+
2 rows in set (0.001 sec)

13>
mysql> select * from EMP
    -> where !(ename like "A%" or ename like "E%");
+-------+--------+-----------+------+------------+---------+---------+--------+
| EMPNO | ENAME  | JOB       | MGR  | HIREDATE   | SAL     | COMM    | DEPTNO |
+-------+--------+-----------+------+------------+---------+---------+--------+
|  7369 | SMITH  | CLERK     | 7902 | 1980-12-17 |  800.00 |    NULL |     20 |
|  7521 | WARD   | SALESMAN  | 7698 | 1981-02-22 | 1250.00 |  500.00 |     30 |
|  7566 | JONES  | MANAGER   | 7839 | 1981-04-02 | 2975.00 |    NULL |     20 |
|  7654 | MARTIN | SALESMAN  | 7698 | 1981-09-28 | 1250.00 | 1400.00 |     30 |
|  7698 | BLAKE  | MANAGER   | 7839 | 1981-05-01 | 2850.00 |    NULL |     30 |
|  7782 | CLARK  | MANAGER   | 7839 | 1981-06-09 | 2450.00 |    NULL |     10 |
|  7788 | SCOTT  | ANALYST   | 7566 | 1982-12-09 | 3000.00 |    NULL |     20 |
|  7839 | KING   | PRESIDENT | NULL | 1981-11-17 | 5000.00 |    NULL |     10 |
|  7844 | TURNER | SALESMAN  | 7698 | 1981-09-08 | 1500.00 |    0.00 |     30 |
|  7900 | JAMES  | CLERK     | 7698 | 1981-12-03 |  950.00 |    NULL |     30 |
|  7902 | FORD   | ANALYST   | 7566 | 1981-12-03 | 3000.00 |    NULL |     20 |
|  7934 | MILLER | CLERK     | 7782 | 1982-01-23 | 1300.00 |    NULL |     10 |
+-------+--------+-----------+------+------------+---------+---------+--------+
12 rows in set (0.001 sec)

14>
mysql> select * from EMP
    -> where sal>1000 and sal<3000
    -> and
    -> job like "A%T";
Empty set (0.002 sec)

15>
mysql> Select empno,ename,sal,comm,sal*1.1 as newSal from EMP where ename like "A%" or ename like "M%" or ename like "S%";
+-------+--------+---------+---------+----------+
| empno | ename  | sal     | comm    | newSal   |
+-------+--------+---------+---------+----------+
|  7369 | SMITH  |  800.00 |    NULL |  880.000 |
|  7499 | ALLEN  | 1600.00 |  300.00 | 1760.000 |
|  7654 | MARTIN | 1250.00 | 1400.00 | 1375.000 |
|  7788 | SCOTT  | 3000.00 |    NULL | 3300.000 |
|  7876 | ADAMS  | 1100.00 |    NULL | 1210.000 |
|  7934 | MILLER | 1300.00 |    NULL | 1430.000 |
+-------+--------+---------+---------+----------+
6 rows in set (0.009 sec)

16>
mysql> select * from EMP
    -> where deptno=10
    -> or
    -> ename like "A%" and (ename like "%n" or ename like "%s");
+-------+--------+-----------+------+------------+---------+--------+--------+
| EMPNO | ENAME  | JOB       | MGR  | HIREDATE   | SAL     | COMM   | DEPTNO |
+-------+--------+-----------+------+------------+---------+--------+--------+
|  7499 | ALLEN  | SALESMAN  | 7698 | 1981-02-20 | 1600.00 | 300.00 |     30 |
|  7782 | CLARK  | MANAGER   | 7839 | 1981-06-09 | 2450.00 |   NULL |     10 |
|  7839 | KING   | PRESIDENT | NULL | 1981-11-17 | 5000.00 |   NULL |     10 |
|  7876 | ADAMS  | CLERK     | 7788 | 1983-01-12 | 1100.00 |   NULL |     20 |
|  7934 | MILLER | CLERK     | 7782 | 1982-01-23 | 1300.00 |   NULL |     10 |
+-------+--------+-----------+------+------------+---------+--------+--------+
5 rows in set (0.001 sec)

17>
mysql> select * from DEPT where length(dname)>=8;
+--------+------------+----------+
| DEPTNO | DNAME      | LOC      |
+--------+------------+----------+
|     10 | ACCOUNTING | NEW YORK |
|     20 | RESEARCH   | DALLAS   |
|     40 | OPERATIONS | BOSTON   |
+--------+------------+----------+
3 rows in set (0.000 sec)

18>
mysql> select * from EMP where ename like "%E_";
+-------+--------+----------+------+------------+---------+--------+--------+
| EMPNO | ENAME  | JOB      | MGR  | HIREDATE   | SAL     | COMM   | DEPTNO |
+-------+--------+----------+------+------------+---------+--------+--------+
|  7499 | ALLEN  | SALESMAN | 7698 | 1981-02-20 | 1600.00 | 300.00 |     30 |
|  7566 | JONES  | MANAGER  | 7839 | 1981-04-02 | 2975.00 |   NULL |     20 |
|  7844 | TURNER | SALESMAN | 7698 | 1981-09-08 | 1500.00 |   0.00 |     30 |
|  7900 | JAMES  | CLERK    | 7698 | 1981-12-03 |  950.00 |   NULL |     30 |
|  7934 | MILLER | CLERK    | 7782 | 1982-01-23 | 1300.00 |   NULL |     10 |
+-------+--------+----------+------+------------+---------+--------+--------+
5 rows in set (0.001 sec)

19>
mysql> select * from EMP
    -> where (ename like "a%s") or
    -> (ename like "_n%" or ename like "__n%")
    -> and (ename like "%n" or ename like "%s");
+-------+-------+---------+------+------------+---------+------+--------+
| EMPNO | ENAME | JOB     | MGR  | HIREDATE   | SAL     | COMM | DEPTNO |
+-------+-------+---------+------+------------+---------+------+--------+
|  7566 | JONES | MANAGER | 7839 | 1981-04-02 | 2975.00 | NULL |     20 |
|  7876 | ADAMS | CLERK   | 7788 | 1983-01-12 | 1100.00 | NULL |     20 |
+-------+-------+---------+------+------------+---------+------+--------+
2 rows in set (0.001 sec)

20>
mysql> select * from EMP where ename like "A%" or ename like "S%" and deptno=20;
+-------+-------+----------+------+------------+---------+--------+--------+
| EMPNO | ENAME | JOB      | MGR  | HIREDATE   | SAL     | COMM   | DEPTNO |
+-------+-------+----------+------+------------+---------+--------+--------+
|  7369 | SMITH | CLERK    | 7902 | 1980-12-17 |  800.00 |   NULL |     20 |
|  7499 | ALLEN | SALESMAN | 7698 | 1981-02-20 | 1600.00 | 300.00 |     30 |
|  7788 | SCOTT | ANALYST  | 7566 | 1982-12-09 | 3000.00 |   NULL |     20 |
|  7876 | ADAMS | CLERK    | 7788 | 1983-01-12 | 1100.00 |   NULL |     20 |
+-------+-------+----------+------+------------+---------+--------+--------+
4 rows in set (0.001 sec)

21>
mysql> select * from EMP where job like "C_E%K";
+-------+--------+-------+------+------------+---------+------+--------+
| EMPNO | ENAME  | JOB   | MGR  | HIREDATE   | SAL     | COMM | DEPTNO |
+-------+--------+-------+------+------------+---------+------+--------+
|  7369 | SMITH  | CLERK | 7902 | 1980-12-17 |  800.00 | NULL |     20 |
|  7876 | ADAMS  | CLERK | 7788 | 1983-01-12 | 1100.00 | NULL |     20 |
|  7900 | JAMES  | CLERK | 7698 | 1981-12-03 |  950.00 | NULL |     30 |
|  7934 | MILLER | CLERK | 7782 | 1982-01-23 | 1300.00 | NULL |     10 |
+-------+--------+-------+------+------------+---------+------+--------+
4 rows in set (0.002 sec)

22>
mysql> select * from EMP where job like "__L%M__";
+-------+--------+----------+------+------------+---------+---------+--------+
| EMPNO | ENAME  | JOB      | MGR  | HIREDATE   | SAL     | COMM    | DEPTNO |
+-------+--------+----------+------+------------+---------+---------+--------+
|  7499 | ALLEN  | SALESMAN | 7698 | 1981-02-20 | 1600.00 |  300.00 |     30 |
|  7521 | WARD   | SALESMAN | 7698 | 1981-02-22 | 1250.00 |  500.00 |     30 |
|  7654 | MARTIN | SALESMAN | 7698 | 1981-09-28 | 1250.00 | 1400.00 |     30 |
|  7844 | TURNER | SALESMAN | 7698 | 1981-09-08 | 1500.00 |    0.00 |     30 |
+-------+--------+----------+------+------------+---------+---------+--------+
4 rows in set (0.001 sec)

23>
mysql> select * from EMP where ename like "S%" and comm IS NULL;
+-------+-------+---------+------+------------+---------+------+--------+
| EMPNO | ENAME | JOB     | MGR  | HIREDATE   | SAL     | COMM | DEPTNO |
+-------+-------+---------+------+------------+---------+------+--------+
|  7369 | SMITH | CLERK   | 7902 | 1980-12-17 |  800.00 | NULL |     20 |
|  7788 | SCOTT | ANALYST | 7566 | 1982-12-09 | 3000.00 | NULL |     20 |
+-------+-------+---------+------+------------+---------+------+--------+
2 rows in set (0.000 sec)

24>
mysql> select * from EMP where !(sal>2000 and sal<3000) and job like "%MAN%";
+-------+--------+----------+------+------------+---------+---------+--------+
| EMPNO | ENAME  | JOB      | MGR  | HIREDATE   | SAL     | COMM    | DEPTNO |
+-------+--------+----------+------+------------+---------+---------+--------+
|  7499 | ALLEN  | SALESMAN | 7698 | 1981-02-20 | 1600.00 |  300.00 |     30 |
|  7521 | WARD   | SALESMAN | 7698 | 1981-02-22 | 1250.00 |  500.00 |     30 |
|  7654 | MARTIN | SALESMAN | 7698 | 1981-09-28 | 1250.00 | 1400.00 |     30 |
|  7844 | TURNER | SALESMAN | 7698 | 1981-09-08 | 1500.00 |    0.00 |     30 |
+-------+--------+----------+------+------------+---------+---------+--------+
4 rows in set (0.001 sec)

25>
mysql> select * from EMP where ename not like "%s" and (deptno=20 or deptno=30);
+-------+--------+----------+------+------------+---------+---------+--------+
| EMPNO | ENAME  | JOB      | MGR  | HIREDATE   | SAL     | COMM    | DEPTNO |
+-------+--------+----------+------+------------+---------+---------+--------+
|  7369 | SMITH  | CLERK    | 7902 | 1980-12-17 |  800.00 |    NULL |     20 |
|  7499 | ALLEN  | SALESMAN | 7698 | 1981-02-20 | 1600.00 |  300.00 |     30 |
|  7521 | WARD   | SALESMAN | 7698 | 1981-02-22 | 1250.00 |  500.00 |     30 |
|  7654 | MARTIN | SALESMAN | 7698 | 1981-09-28 | 1250.00 | 1400.00 |     30 |
|  7698 | BLAKE  | MANAGER  | 7839 | 1981-05-01 | 2850.00 |    NULL |     30 |
|  7788 | SCOTT  | ANALYST  | 7566 | 1982-12-09 | 3000.00 |    NULL |     20 |
|  7844 | TURNER | SALESMAN | 7698 | 1981-09-08 | 1500.00 |    0.00 |     30 |
|  7902 | FORD   | ANALYST  | 7566 | 1981-12-03 | 3000.00 |    NULL |     20 |
+-------+--------+----------+------+------------+---------+---------+--------+
8 rows in set (0.002 sec)

26>
mysql> select * from EMP where ename like "%ER";
+-------+--------+----------+------+------------+---------+------+--------+
| EMPNO | ENAME  | JOB      | MGR  | HIREDATE   | SAL     | COMM | DEPTNO |
+-------+--------+----------+------+------------+---------+------+--------+
|  7844 | TURNER | SALESMAN | 7698 | 1981-09-08 | 1500.00 | 0.00 |     30 |
|  7934 | MILLER | CLERK    | 7782 | 1982-01-23 | 1300.00 | NULL |     10 |
+-------+--------+----------+------+------------+---------+------+--------+
2 rows in set (0.001 sec)

27> Duplicate of 23

28>
mysql> select * from EMP where comm is null;
+-------+--------+-----------+------+------------+---------+------+--------+
| EMPNO | ENAME  | JOB       | MGR  | HIREDATE   | SAL     | COMM | DEPTNO |
+-------+--------+-----------+------+------------+---------+------+--------+
|  7369 | SMITH  | CLERK     | 7902 | 1980-12-17 |  800.00 | NULL |     20 |
|  7566 | JONES  | MANAGER   | 7839 | 1981-04-02 | 2975.00 | NULL |     20 |
|  7698 | BLAKE  | MANAGER   | 7839 | 1981-05-01 | 2850.00 | NULL |     30 |
|  7782 | CLARK  | MANAGER   | 7839 | 1981-06-09 | 2450.00 | NULL |     10 |
|  7788 | SCOTT  | ANALYST   | 7566 | 1982-12-09 | 3000.00 | NULL |     20 |
|  7839 | KING   | PRESIDENT | NULL | 1981-11-17 | 5000.00 | NULL |     10 |
|  7876 | ADAMS  | CLERK     | 7788 | 1983-01-12 | 1100.00 | NULL |     20 |
|  7900 | JAMES  | CLERK     | 7698 | 1981-12-03 |  950.00 | NULL |     30 |
|  7902 | FORD   | ANALYST   | 7566 | 1981-12-03 | 3000.00 | NULL |     20 |
|  7934 | MILLER | CLERK     | 7782 | 1982-01-23 | 1300.00 | NULL |     10 |
+-------+--------+-----------+------+------------+---------+------+--------+
10 rows in set (0.001 sec)

29>

mysql> create table dept10 as (select * from DEPT);
Query OK, 4 rows affected (0.023 sec)
Records: 4  Duplicates: 0  Warnings: 0

mysql> create table emp10 as (select * from EMP);
Query OK, 14 rows affected (0.024 sec)
Records: 14  Duplicates: 0  Warnings: 0

mysql> select empno , ename , sal, dept10.deptno , dname from emp10,dept10;
+-------+--------+---------+--------+------------+
| empno | ename  | sal     | deptno | dname      |
+-------+--------+---------+--------+------------+
|  7369 | SMITH  |  800.00 |     10 | ACCOUNTING |
|  7369 | SMITH  |  800.00 |     20 | RESEARCH   |
|  7369 | SMITH  |  800.00 |     30 | SALES      |
|  7369 | SMITH  |  800.00 |     40 | OPERATIONS |
|  7499 | ALLEN  | 1600.00 |     10 | ACCOUNTING |
|  7499 | ALLEN  | 1600.00 |     20 | RESEARCH   |
|  7499 | ALLEN  | 1600.00 |     30 | SALES      |
|  7499 | ALLEN  | 1600.00 |     40 | OPERATIONS |
|  7521 | WARD   | 1250.00 |     10 | ACCOUNTING |
|  7521 | WARD   | 1250.00 |     20 | RESEARCH   |
|  7521 | WARD   | 1250.00 |     30 | SALES      |
|  7521 | WARD   | 1250.00 |     40 | OPERATIONS |
|  7566 | JONES  | 2975.00 |     10 | ACCOUNTING |
|  7566 | JONES  | 2975.00 |     20 | RESEARCH   |
|  7566 | JONES  | 2975.00 |     30 | SALES      |
|  7566 | JONES  | 2975.00 |     40 | OPERATIONS |
|  7654 | MARTIN | 1250.00 |     10 | ACCOUNTING |
|  7654 | MARTIN | 1250.00 |     20 | RESEARCH   |
|  7654 | MARTIN | 1250.00 |     30 | SALES      |
|  7654 | MARTIN | 1250.00 |     40 | OPERATIONS |
|  7698 | BLAKE  | 2850.00 |     10 | ACCOUNTING |
|  7698 | BLAKE  | 2850.00 |     20 | RESEARCH   |
|  7698 | BLAKE  | 2850.00 |     30 | SALES      |
|  7698 | BLAKE  | 2850.00 |     40 | OPERATIONS |
|  7782 | CLARK  | 2450.00 |     10 | ACCOUNTING |
|  7782 | CLARK  | 2450.00 |     20 | RESEARCH   |
|  7782 | CLARK  | 2450.00 |     30 | SALES      |
|  7782 | CLARK  | 2450.00 |     40 | OPERATIONS |
|  7788 | SCOTT  | 3000.00 |     10 | ACCOUNTING |
|  7788 | SCOTT  | 3000.00 |     20 | RESEARCH   |
|  7788 | SCOTT  | 3000.00 |     30 | SALES      |
|  7788 | SCOTT  | 3000.00 |     40 | OPERATIONS |
|  7839 | KING   | 5000.00 |     10 | ACCOUNTING |
|  7839 | KING   | 5000.00 |     20 | RESEARCH   |
|  7839 | KING   | 5000.00 |     30 | SALES      |
|  7839 | KING   | 5000.00 |     40 | OPERATIONS |
|  7844 | TURNER | 1500.00 |     10 | ACCOUNTING |
|  7844 | TURNER | 1500.00 |     20 | RESEARCH   |
|  7844 | TURNER | 1500.00 |     30 | SALES      |
|  7844 | TURNER | 1500.00 |     40 | OPERATIONS |
|  7876 | ADAMS  | 1100.00 |     10 | ACCOUNTING |
|  7876 | ADAMS  | 1100.00 |     20 | RESEARCH   |
|  7876 | ADAMS  | 1100.00 |     30 | SALES      |
|  7876 | ADAMS  | 1100.00 |     40 | OPERATIONS |
|  7900 | JAMES  |  950.00 |     10 | ACCOUNTING |
|  7900 | JAMES  |  950.00 |     20 | RESEARCH   |
|  7900 | JAMES  |  950.00 |     30 | SALES      |
|  7900 | JAMES  |  950.00 |     40 | OPERATIONS |
|  7902 | FORD   | 3000.00 |     10 | ACCOUNTING |
|  7902 | FORD   | 3000.00 |     20 | RESEARCH   |
|  7902 | FORD   | 3000.00 |     30 | SALES      |
|  7902 | FORD   | 3000.00 |     40 | OPERATIONS |
|  7934 | MILLER | 1300.00 |     10 | ACCOUNTING |
|  7934 | MILLER | 1300.00 |     20 | RESEARCH   |
|  7934 | MILLER | 1300.00 |     30 | SALES      |
|  7934 | MILLER | 1300.00 |     40 | OPERATIONS |
+-------+--------+---------+--------+------------+
56 rows in set (0.001 sec)

